<?xml version="1.0" encoding="utf-8"?>
<!--/682275/1307308/2.50/18/3/Integrated Circuit/-->
<quadcept_library>
  <setting unit="mil" />
  <textstyle name="Default" height="47.244094488189" strokewidth="7.8740157480315" charwidth="47.244094488189" />
  <textstyle name="Dimension" height="19.6850393700787" strokewidth="0" charwidth="19.6850393700787" />
  <textstyle name="H127W0635TH00762" height="50" strokewidth="3" charwidth="25" />
  <textstyle name="H15W15TH02" height="59.0551181102362" strokewidth="7.8740157480315" charwidth="59.0551181102362" />
  <padstyle name="r180_65" surface="True" plated="False" isvia="False" nopaste="False" nomask="True" complex="False" holesize="0">
    <padshape layer="TOP" shape="rectangle" width="25.590551181102" height="70.866141732283" />
    <padshape layer="TOP_SOLDER_MASK" shape="rectangle" width="33.464566929133" height="78.740157480314" />
    <padshape layer="TOP_SOLDER_PASTE" shape="rectangle" width="25.590551181102" height="70.866141732283" />
  </padstyle>
  <footprint name="SOIC127P1030X245-18N" originx="0" originy="0" pickpointx="0" pickpointy="0">
    <pcbpin number="1" name="1" style="r180_65" originx="-187.99212598425" originy="200" rotation="90" />
    <pcbpin number="2" name="2" style="r180_65" originx="-187.99212598425" originy="150" rotation="90" />
    <pcbpin number="3" name="3" style="r180_65" originx="-187.99212598425" originy="99.999999999999" rotation="90" />
    <pcbpin number="4" name="4" style="r180_65" originx="-187.99212598425" originy="49.999999999999" rotation="90" />
    <pcbpin number="5" name="5" style="r180_65" originx="-187.99212598425" originy="0" rotation="90" />
    <pcbpin number="6" name="6" style="r180_65" originx="-187.99212598425" originy="-49.999999999999" rotation="90" />
    <pcbpin number="7" name="7" style="r180_65" originx="-187.99212598425" originy="-99.999999999999" rotation="90" />
    <pcbpin number="8" name="8" style="r180_65" originx="-187.99212598425" originy="-150" rotation="90" />
    <pcbpin number="9" name="9" style="r180_65" originx="-187.99212598425" originy="-200" rotation="90" />
    <pcbpin number="10" name="10" style="r180_65" originx="187.99212598425" originy="-200" rotation="90" />
    <pcbpin number="11" name="11" style="r180_65" originx="187.99212598425" originy="-150" rotation="90" />
    <pcbpin number="12" name="12" style="r180_65" originx="187.99212598425" originy="-99.999999999999" rotation="90" />
    <pcbpin number="13" name="13" style="r180_65" originx="187.99212598425" originy="-49.999999999999" rotation="90" />
    <pcbpin number="14" name="14" style="r180_65" originx="187.99212598425" originy="0" rotation="90" />
    <pcbpin number="15" name="15" style="r180_65" originx="187.99212598425" originy="49.999999999999" rotation="90" />
    <pcbpin number="16" name="16" style="r180_65" originx="187.99212598425" originy="99.999999999999" rotation="90" />
    <pcbpin number="17" name="17" style="r180_65" originx="187.99212598425" originy="150" rotation="90" />
    <pcbpin number="18" name="18" style="r180_65" originx="187.99212598425" originy="200" rotation="90" />
    <line layer="TOP_PLACE_BOUND" originx="-233.26771653543" originy="265.74803149606" endx="233.26771653543" endy="265.74803149606" width="1.9685039370079" />
    <line layer="TOP_PLACE_BOUND" originx="233.26771653543" originy="265.74803149606" endx="233.26771653543" endy="-265.74803149606" width="1.9685039370079" />
    <line layer="TOP_PLACE_BOUND" originx="233.26771653543" originy="-265.74803149606" endx="-233.26771653543" endy="-265.74803149606" width="1.9685039370079" />
    <line layer="TOP_PLACE_BOUND" originx="-233.26771653543" originy="-265.74803149606" endx="-233.26771653543" endy="265.74803149606" width="1.9685039370079" />
    <line layer="TOP_ASSEMBLY" originx="-137.79527559055" originy="255.90551181102" endx="137.79527559055" endy="255.90551181102" width="3.9370078740157" />
    <line layer="TOP_ASSEMBLY" originx="137.79527559055" originy="255.90551181102" endx="137.79527559055" endy="-255.90551181102" width="3.9370078740157" />
    <line layer="TOP_ASSEMBLY" originx="137.79527559055" originy="-255.90551181102" endx="-137.79527559055" endy="-255.90551181102" width="3.9370078740157" />
    <line layer="TOP_ASSEMBLY" originx="-137.79527559055" originy="-255.90551181102" endx="-137.79527559055" endy="255.90551181102" width="3.9370078740157" />
    <line layer="TOP_ASSEMBLY" originx="-137.79527559055" originy="205.90551181102" endx="-87.79527559055" endy="255.90551181102" width="3.9370078740157" />
    <line layer="TOP_SILKSCREEN" originx="-138.77952755905" originy="255.90551181102" endx="138.77952755905" endy="255.90551181102" width="7.8740157480314" />
    <line layer="TOP_SILKSCREEN" originx="138.77952755905" originy="255.90551181102" endx="138.77952755905" endy="-255.90551181102" width="7.8740157480314" />
    <line layer="TOP_SILKSCREEN" originx="138.77952755905" originy="-255.90551181102" endx="-138.77952755905" endy="-255.90551181102" width="7.8740157480314" />
    <line layer="TOP_SILKSCREEN" originx="-138.77952755905" originy="-255.90551181102" endx="-138.77952755905" endy="255.90551181102" width="7.8740157480314" />
    <line layer="TOP_SILKSCREEN" originx="-223.42519685039" originy="226.5748031496" endx="-152.55905511811" endy="226.5748031496" width="7.8740157480314" />
  </footprint>
  <symbol name="TD62083AFGNEL" originx="0" originy="0">
    <line originx="200" originy="100" endx="1000" endy="100" width="0" />
    <line originx="1000" originy="-900" endx="1000" endy="100" width="0" />
    <line originx="1000" originy="-900" endx="200" endy="-900" width="0" />
    <line originx="200" originy="100" endx="200" endy="-900" width="0" />
    <sympin number="1" originx="200" originy="0" rotation="180" length="100" width="7.8740157480315" flipped="False">
      <text name="pinname" originx="230" originy="0" style="Default" rotation="0" justify="left" flipped="False" hidden="False" data="I1" />
      <text name="pindes" originx="140" originy="20" style="Default" rotation="0" justify="lowerright" flipped="False" hidden="False" data="1" />
    </sympin>
    <sympin number="2" originx="200" originy="-100" rotation="180" length="100" width="7.8740157480315" flipped="False">
      <text name="pinname" originx="230" originy="-100" style="Default" rotation="0" justify="left" flipped="False" hidden="False" data="I2" />
      <text name="pindes" originx="140" originy="-80" style="Default" rotation="0" justify="lowerright" flipped="False" hidden="False" data="2" />
    </sympin>
    <sympin number="3" originx="200" originy="-200" rotation="180" length="100" width="7.8740157480315" flipped="False">
      <text name="pinname" originx="230" originy="-200" style="Default" rotation="0" justify="left" flipped="False" hidden="False" data="I3" />
      <text name="pindes" originx="140" originy="-180" style="Default" rotation="0" justify="lowerright" flipped="False" hidden="False" data="3" />
    </sympin>
    <sympin number="4" originx="200" originy="-300" rotation="180" length="100" width="7.8740157480315" flipped="False">
      <text name="pinname" originx="230" originy="-300" style="Default" rotation="0" justify="left" flipped="False" hidden="False" data="I4" />
      <text name="pindes" originx="140" originy="-280" style="Default" rotation="0" justify="lowerright" flipped="False" hidden="False" data="4" />
    </sympin>
    <sympin number="5" originx="200" originy="-400" rotation="180" length="100" width="7.8740157480315" flipped="False">
      <text name="pinname" originx="230" originy="-400" style="Default" rotation="0" justify="left" flipped="False" hidden="False" data="I5" />
      <text name="pindes" originx="140" originy="-380" style="Default" rotation="0" justify="lowerright" flipped="False" hidden="False" data="5" />
    </sympin>
    <sympin number="6" originx="200" originy="-500" rotation="180" length="100" width="7.8740157480315" flipped="False">
      <text name="pinname" originx="230" originy="-500" style="Default" rotation="0" justify="left" flipped="False" hidden="False" data="I6" />
      <text name="pindes" originx="140" originy="-480" style="Default" rotation="0" justify="lowerright" flipped="False" hidden="False" data="6" />
    </sympin>
    <sympin number="7" originx="200" originy="-600" rotation="180" length="100" width="7.8740157480315" flipped="False">
      <text name="pinname" originx="230" originy="-600" style="Default" rotation="0" justify="left" flipped="False" hidden="False" data="I7" />
      <text name="pindes" originx="140" originy="-580" style="Default" rotation="0" justify="lowerright" flipped="False" hidden="False" data="7" />
    </sympin>
    <sympin number="8" originx="200" originy="-700" rotation="180" length="100" width="7.8740157480315" flipped="False">
      <text name="pinname" originx="230" originy="-700" style="Default" rotation="0" justify="left" flipped="False" hidden="False" data="I8" />
      <text name="pindes" originx="140" originy="-680" style="Default" rotation="0" justify="lowerright" flipped="False" hidden="False" data="8" />
    </sympin>
    <sympin number="9" originx="200" originy="-800" rotation="180" length="100" width="7.8740157480315" flipped="False">
      <text name="pinname" originx="230" originy="-800" style="Default" rotation="0" justify="left" flipped="False" hidden="False" data="GND" />
      <text name="pindes" originx="140" originy="-780" style="Default" rotation="0" justify="lowerright" flipped="False" hidden="False" data="9" />
    </sympin>
    <sympin number="18" originx="1000" originy="0" rotation="0" length="100" width="7.8740157480315" flipped="False">
      <text name="pinname" originx="970" originy="0" style="Default" rotation="0" justify="right" flipped="False" hidden="False" data="O1" />
      <text name="pindes" originx="1060" originy="20" style="Default" rotation="0" justify="lowerleft" flipped="False" hidden="False" data="18" />
    </sympin>
    <sympin number="17" originx="1000" originy="-100" rotation="0" length="100" width="7.8740157480315" flipped="False">
      <text name="pinname" originx="970" originy="-100" style="Default" rotation="0" justify="right" flipped="False" hidden="False" data="O2" />
      <text name="pindes" originx="1060" originy="-80" style="Default" rotation="0" justify="lowerleft" flipped="False" hidden="False" data="17" />
    </sympin>
    <sympin number="16" originx="1000" originy="-200" rotation="0" length="100" width="7.8740157480315" flipped="False">
      <text name="pinname" originx="970" originy="-200" style="Default" rotation="0" justify="right" flipped="False" hidden="False" data="O3" />
      <text name="pindes" originx="1060" originy="-180" style="Default" rotation="0" justify="lowerleft" flipped="False" hidden="False" data="16" />
    </sympin>
    <sympin number="15" originx="1000" originy="-300" rotation="0" length="100" width="7.8740157480315" flipped="False">
      <text name="pinname" originx="970" originy="-300" style="Default" rotation="0" justify="right" flipped="False" hidden="False" data="O4" />
      <text name="pindes" originx="1060" originy="-280" style="Default" rotation="0" justify="lowerleft" flipped="False" hidden="False" data="15" />
    </sympin>
    <sympin number="14" originx="1000" originy="-400" rotation="0" length="100" width="7.8740157480315" flipped="False">
      <text name="pinname" originx="970" originy="-400" style="Default" rotation="0" justify="right" flipped="False" hidden="False" data="O5" />
      <text name="pindes" originx="1060" originy="-380" style="Default" rotation="0" justify="lowerleft" flipped="False" hidden="False" data="14" />
    </sympin>
    <sympin number="13" originx="1000" originy="-500" rotation="0" length="100" width="7.8740157480315" flipped="False">
      <text name="pinname" originx="970" originy="-500" style="Default" rotation="0" justify="right" flipped="False" hidden="False" data="O6" />
      <text name="pindes" originx="1060" originy="-480" style="Default" rotation="0" justify="lowerleft" flipped="False" hidden="False" data="13" />
    </sympin>
    <sympin number="12" originx="1000" originy="-600" rotation="0" length="100" width="7.8740157480315" flipped="False">
      <text name="pinname" originx="970" originy="-600" style="Default" rotation="0" justify="right" flipped="False" hidden="False" data="O7" />
      <text name="pindes" originx="1060" originy="-580" style="Default" rotation="0" justify="lowerleft" flipped="False" hidden="False" data="12" />
    </sympin>
    <sympin number="11" originx="1000" originy="-700" rotation="0" length="100" width="7.8740157480315" flipped="False">
      <text name="pinname" originx="970" originy="-700" style="Default" rotation="0" justify="right" flipped="False" hidden="False" data="O8" />
      <text name="pindes" originx="1060" originy="-680" style="Default" rotation="0" justify="lowerleft" flipped="False" hidden="False" data="11" />
    </sympin>
    <sympin number="10" originx="1000" originy="-800" rotation="0" length="100" width="7.8740157480315" flipped="False">
      <text name="pinname" originx="970" originy="-800" style="Default" rotation="0" justify="right" flipped="False" hidden="False" data="COMMON" />
      <text name="pindes" originx="1060" originy="-780" style="Default" rotation="0" justify="lowerleft" flipped="False" hidden="False" data="10" />
    </sympin>
  </symbol>
  <component name="TD62083AFGNEL" designatorprefix="IC" height="96.456692913385" footprint="SOIC127P1030X245-18N">
    <comppin designator="1" sympin="1" pinswap="0" gateswap="0" gate="1" group="1" side="" type="Any" name="I1" />
    <comppin designator="2" sympin="2" pinswap="0" gateswap="0" gate="1" group="1" side="" type="Any" name="I2" />
    <comppin designator="3" sympin="3" pinswap="0" gateswap="0" gate="1" group="1" side="" type="Any" name="I3" />
    <comppin designator="4" sympin="4" pinswap="0" gateswap="0" gate="1" group="1" side="" type="Any" name="I4" />
    <comppin designator="5" sympin="5" pinswap="0" gateswap="0" gate="1" group="1" side="" type="Any" name="I5" />
    <comppin designator="6" sympin="6" pinswap="0" gateswap="0" gate="1" group="1" side="" type="Any" name="I6" />
    <comppin designator="7" sympin="7" pinswap="0" gateswap="0" gate="1" group="1" side="" type="Any" name="I7" />
    <comppin designator="8" sympin="8" pinswap="0" gateswap="0" gate="1" group="1" side="" type="Any" name="I8" />
    <comppin designator="9" sympin="9" pinswap="0" gateswap="0" gate="1" group="1" side="" type="Any" name="GND" />
    <comppin designator="10" sympin="10" pinswap="0" gateswap="0" gate="1" group="1" side="" type="Any" name="COMMON" />
    <comppin designator="11" sympin="11" pinswap="0" gateswap="0" gate="1" group="1" side="" type="Any" name="O8" />
    <comppin designator="12" sympin="12" pinswap="0" gateswap="0" gate="1" group="1" side="" type="Any" name="O7" />
    <comppin designator="13" sympin="13" pinswap="0" gateswap="0" gate="1" group="1" side="" type="Any" name="O6" />
    <comppin designator="14" sympin="14" pinswap="0" gateswap="0" gate="1" group="1" side="" type="Any" name="O5" />
    <comppin designator="15" sympin="15" pinswap="0" gateswap="0" gate="1" group="1" side="" type="Any" name="O4" />
    <comppin designator="16" sympin="16" pinswap="0" gateswap="0" gate="1" group="1" side="" type="Any" name="O3" />
    <comppin designator="17" sympin="17" pinswap="0" gateswap="0" gate="1" group="1" side="" type="Any" name="O2" />
    <comppin designator="18" sympin="18" pinswap="0" gateswap="0" gate="1" group="1" side="" type="Any" name="O1" />
    <attached_symbol gate="1" name="TD62083AFGNEL" />
    <pinmap designator="1" footprintpin="1" />
    <pinmap designator="2" footprintpin="2" />
    <pinmap designator="3" footprintpin="3" />
    <pinmap designator="4" footprintpin="4" />
    <pinmap designator="5" footprintpin="5" />
    <pinmap designator="6" footprintpin="6" />
    <pinmap designator="7" footprintpin="7" />
    <pinmap designator="8" footprintpin="8" />
    <pinmap designator="9" footprintpin="9" />
    <pinmap designator="10" footprintpin="10" />
    <pinmap designator="11" footprintpin="11" />
    <pinmap designator="12" footprintpin="12" />
    <pinmap designator="13" footprintpin="13" />
    <pinmap designator="14" footprintpin="14" />
    <pinmap designator="15" footprintpin="15" />
    <pinmap designator="16" footprintpin="16" />
    <pinmap designator="17" footprintpin="17" />
    <pinmap designator="18" footprintpin="18" />
    <text name="Datasheet" originx="0" originy="0" style="Default" rotation="0" justify="" flipped="False" hidden="True" data="https://eu.mouser.com/datasheet/2/408/TD62083AFG_datasheet_en_20091001-875843.pdf" />
    <text name="Description" originx="0" originy="0" style="Default" rotation="0" justify="" flipped="False" hidden="True" data="Gate Drivers" />
    <text name="Manufacturer_Name" originx="0" originy="0" style="Default" rotation="0" justify="" flipped="False" hidden="True" data="Toshiba" />
    <text name="Manufacturer_Part_Number" originx="1050" originy="200" style="Default" rotation="0" justify="left" flipped="False" hidden="False" data="TD62083AFGNEL" />
    <text name="Mouser Part Number" originx="0" originy="0" style="Default" rotation="0" justify="" flipped="False" hidden="True" data="N/A" />
    <text name="Mouser Price/Stock" originx="0" originy="0" style="Default" rotation="0" justify="" flipped="False" hidden="True" data="https://www.mouser.co.uk/ProductDetail/Toshiba/TD62083AFGNEL?qs=ZjcfeKH2FJO2XkKSOSlUdg%3D%3D" />
    <text name="Arrow Part Number" originx="0" originy="0" style="Default" rotation="0" justify="" flipped="False" hidden="True" data="" />
    <text name="Arrow Price/Stock" originx="0" originy="0" style="Default" rotation="0" justify="" flipped="False" hidden="True" data="" />
  </component>
</quadcept_library>
