<?xml version="1.0" encoding="utf-8"?>
<!--/15661139/1307308/2.50/3/2/JFET (N-Channel)/-->
<quadcept_library>
  <setting unit="mil" />
  <textstyle name="Default" height="47.244094488189" strokewidth="7.8740157480315" charwidth="47.244094488189" />
  <textstyle name="Dimension" height="19.6850393700787" strokewidth="0" charwidth="19.6850393700787" />
  <textstyle name="H127W0635TH00762" height="50" strokewidth="3" charwidth="25" />
  <textstyle name="H15W15TH02" height="59.0551181102362" strokewidth="7.8740157480315" charwidth="59.0551181102362" />
  <padstyle name="c106.7_h85" surface="False" plated="True" isvia="False" nopaste="True" nomask="True" complex="False" holesize="33.464566929133">
    <padshape layer="TOP" shape="round" width="42.007874015748" height="42.007874015748" />
    <padshape layer="TOP_SOLDER_MASK" shape="round" width="49.881889763779" height="49.881889763779" />
    <padshape layer="INNER" shape="round" width="42.007874015748" height="42.007874015748" />
    <padshape layer="BOTTOM" shape="round" width="42.007874015748" height="42.007874015748" />
    <padshape layer="BOTTOM_SOLDER_MASK" shape="round" width="49.881889763779" height="49.881889763779" />
  </padstyle>
  <padstyle name="r106.7_106.7_h85" surface="False" plated="True" isvia="False" nopaste="True" nomask="True" complex="False" holesize="33.464566929133">
    <padshape layer="TOP" shape="rectangle" width="42.007874015748" height="42.007874015748" />
    <padshape layer="TOP_SOLDER_MASK" shape="rectangle" width="49.881889763779" height="49.881889763779" />
    <padshape layer="INNER" shape="rectangle" width="42.007874015748" height="42.007874015748" />
    <padshape layer="BOTTOM" shape="rectangle" width="42.007874015748" height="42.007874015748" />
    <padshape layer="BOTTOM_SOLDER_MASK" shape="rectangle" width="49.881889763779" height="49.881889763779" />
  </padstyle>
  <footprint name="PN4117" originx="0" originy="0" pickpointx="0" pickpointy="0">
    <pcbpin number="1" name="1" style="r106.7_106.7_h85" originx="0" originy="0" rotation="0" />
    <pcbpin number="2" name="2" style="c106.7_h85" originx="49.999999999999" originy="0" rotation="90" />
    <pcbpin number="3" name="3" style="c106.7_h85" originx="99.999999999999" originy="0" rotation="90" />
    <line layer="TOP_PLACE_BOUND" originx="-78.464566929133" originy="-82.87401574803" endx="178.46456692913" endy="-82.87401574803" width="3.9370078740157" />
    <line layer="TOP_PLACE_BOUND" originx="178.46456692913" originy="-82.87401574803" endx="178.46456692913" endy="136.92913385827" width="3.9370078740157" />
    <line layer="TOP_PLACE_BOUND" originx="178.46456692913" originy="136.92913385827" endx="-78.464566929133" endy="136.92913385827" width="3.9370078740157" />
    <line layer="TOP_PLACE_BOUND" originx="-78.464566929133" originy="136.92913385827" endx="-78.464566929133" endy="-82.87401574803" width="3.9370078740157" />
    <line layer="TOP_SILKSCREEN" originx="-60.23622047244" originy="0" endx="-60.23622047244" endy="0" width="3.9370078740157" />
    <arc layer="TOP_SILKSCREEN" originx="-58.267716535432" originy="0" startangle="-180.0" sweepangle="180.0" radius="1.9685039370079" width="3.9370078740157" />
    <line layer="TOP_SILKSCREEN" originx="-56.299212598425" originy="0" endx="-56.299212598425" endy="0" width="3.9370078740157" />
    <arc layer="TOP_SILKSCREEN" originx="-58.267716535432" originy="0" startangle=".0" sweepangle="180.0" radius="1.9685039370079" width="3.9370078740157" />
    <line layer="TOP_ASSEMBLY" originx="-39.055118110236" originy="7.4803149606298" endx="139.09448818897" endy="7.4803149606298" width="3.9370078740157" />
    <line layer="TOP_ASSEMBLY" originx="139.09448818897" originy="7.4803149606298" endx="139.09448818897" endy="7.4803149606298" width="3.9370078740157" />
    <arc layer="TOP_ASSEMBLY" originx="50.03937007874" originy="7.4803149606298" startangle=".0" sweepangle="180.0" radius="89.094488188975" width="3.9370078740157" />
    <line layer="TOP_ASSEMBLY" originx="-39.094488188976" originy="7.4803149606298" endx="-26.102362204724" endy="-43.503937007873" width="3.9370078740157" />
    <line layer="TOP_ASSEMBLY" originx="-26.102362204724" originy="-43.503937007873" endx="126.10236220472" endy="-43.503937007873" width="3.9370078740157" />
    <line layer="TOP_ASSEMBLY" originx="126.10236220472" originy="-43.503937007873" endx="139.09448818897" endy="7.4803149606298" width="3.9370078740157" />
    <line layer="TOP_SILKSCREEN" originx="-39.094488188976" originy="7.4803149606298" endx="-26.102362204724" endy="-43.503937007873" width="7.8740157480314" />
    <line layer="TOP_SILKSCREEN" originx="-26.102362204724" originy="-43.503937007873" endx="126.10236220472" endy="-43.503937007873" width="7.8740157480314" />
    <line layer="TOP_SILKSCREEN" originx="126.10236220472" originy="-43.503937007873" endx="139.09448818897" endy="7.4803149606298" width="7.8740157480314" />
  </footprint>
  <symbol name="2N5457" originx="0" originy="0">
    <line originx="300" originy="100" endx="300" endy="200" width="0" />
    <line originx="300" originy="100" endx="230" endy="100" width="0" />
    <line originx="230" originy="-100" endx="300" endy="-100" width="0" />
    <line originx="230" originy="120" endx="230" endy="-120" width="0" />
    <line originx="300" originy="-200" endx="300" endy="-100" width="0" />
    <line originx="100" originy="0" endx="230" endy="0" width="0" />
    <arc originx="250" originy="0" startangle="180" sweepangle="180" radius="150" width="0" />
    <arc originx="250" originy="0" startangle="180" sweepangle="-180" radius="150" width="0" />
    <sympin number="3" originx="100" originy="0" rotation="180" length="100" width="7.8740157480315" flipped="False">
      <text name="pinname" originx="0" originy="-20" style="Default" rotation="0" justify="upperleft" flipped="False" hidden="True" data="G" />
      <text name="pindes" originx="80" originy="10" style="Default" rotation="0" justify="lowerright" flipped="False" hidden="False" data="3" />
    </sympin>
    <sympin number="2" originx="300" originy="200" rotation="90" length="100" width="7.8740157480315" flipped="False">
      <text name="pinname" originx="320" originy="300" style="Default" rotation="90" justify="upperleft" flipped="False" hidden="True" data="D" />
      <text name="pindes" originx="280" originy="300" style="Default" rotation="90" justify="upperright" flipped="False" hidden="False" data="2" />
    </sympin>
    <sympin number="1" originx="300" originy="-200" rotation="270" length="100" width="7.8740157480315" flipped="False">
      <text name="pinname" originx="320" originy="-300" style="Default" rotation="90" justify="lowerleft" flipped="False" hidden="True" data="S" />
      <text name="pindes" originx="280" originy="-300" style="Default" rotation="90" justify="lowerright" flipped="False" hidden="False" data="1" />
    </sympin>
    <polygon type="polygon">
      <point x="230" y="0" />
      <point x="190" y="-20" />
      <point x="190" y="20" />
    </polygon>
  </symbol>
  <component name="2N5457" designatorprefix="Q" height="190.15748031496" footprint="PN4117">
    <comppin designator="1" sympin="1" pinswap="0" gateswap="0" gate="1" group="1" side="" type="Any" name="S" />
    <comppin designator="2" sympin="2" pinswap="0" gateswap="0" gate="1" group="1" side="" type="Any" name="D" />
    <comppin designator="3" sympin="3" pinswap="0" gateswap="0" gate="1" group="1" side="" type="Any" name="G" />
    <attached_symbol gate="1" name="2N5457" />
    <pinmap designator="1" footprintpin="1" />
    <pinmap designator="2" footprintpin="2" />
    <pinmap designator="3" footprintpin="3" />
    <text name="Datasheet" originx="0" originy="0" style="Default" rotation="0" justify="" flipped="False" hidden="True" data="https://www.interfet.com/jfet-datasheets/jfet-2n5457-interfet.pdf" />
    <text name="Description" originx="0" originy="0" style="Default" rotation="0" justify="" flipped="False" hidden="True" data="JFET N-Channel -25V Low Ciss" />
    <text name="Manufacturer_Name" originx="0" originy="0" style="Default" rotation="0" justify="" flipped="False" hidden="True" data="InterFET" />
    <text name="Manufacturer_Part_Number" originx="450" originy="-50" style="Default" rotation="0" justify="left" flipped="False" hidden="False" data="2N5457" />
    <text name="Mouser Part Number" originx="0" originy="0" style="Default" rotation="0" justify="" flipped="False" hidden="True" data="" />
    <text name="Mouser Price/Stock" originx="0" originy="0" style="Default" rotation="0" justify="" flipped="False" hidden="True" data="" />
    <text name="Arrow Part Number" originx="0" originy="0" style="Default" rotation="0" justify="" flipped="False" hidden="True" data="" />
    <text name="Arrow Price/Stock" originx="0" originy="0" style="Default" rotation="0" justify="" flipped="False" hidden="True" data="" />
  </component>
</quadcept_library>
