<?xml version="1.0" encoding="utf-8"?>
<!--/283059/1307308/2.50/12/2/Connector/-->
<quadcept_library>
  <setting unit="mil" />
  <textstyle name="Default" height="47.244094488189" strokewidth="7.8740157480315" charwidth="47.244094488189" />
  <textstyle name="Dimension" height="19.6850393700787" strokewidth="0" charwidth="19.6850393700787" />
  <textstyle name="H127W0635TH00762" height="50" strokewidth="3" charwidth="25" />
  <textstyle name="H15W15TH02" height="59.0551181102362" strokewidth="7.8740157480315" charwidth="59.0551181102362" />
  <padstyle name="c247.5_h165" surface="False" plated="True" isvia="False" nopaste="True" nomask="True" complex="False" holesize="64.960629921259">
    <padshape layer="TOP" shape="round" width="97.440944881889" height="97.440944881889" />
    <padshape layer="TOP_SOLDER_MASK" shape="round" width="105.31496062992" height="105.31496062992" />
    <padshape layer="INNER" shape="round" width="97.440944881889" height="97.440944881889" />
    <padshape layer="BOTTOM" shape="round" width="97.440944881889" height="97.440944881889" />
    <padshape layer="BOTTOM_SOLDER_MASK" shape="round" width="105.31496062992" height="105.31496062992" />
  </padstyle>
  <padstyle name="s247.5_h165" surface="False" plated="True" isvia="False" nopaste="True" nomask="True" complex="False" holesize="64.960629921259">
    <padshape layer="TOP" shape="square" width="97.440944881889" height="97.440944881889" />
    <padshape layer="TOP_SOLDER_MASK" shape="square" width="105.31496062992" height="105.31496062992" />
    <padshape layer="INNER" shape="round" width="97.440944881889" height="97.440944881889" />
    <padshape layer="BOTTOM" shape="square" width="97.440944881889" height="97.440944881889" />
    <padshape layer="BOTTOM_SOLDER_MASK" shape="square" width="105.31496062992" height="105.31496062992" />
  </padstyle>
  <footprint name="SHDRRA12W103P0X508_1X12_6296X1200X875P" originx="0" originy="0" pickpointx="0" pickpointy="0">
    <pcbpin number="1" name="1" style="s247.5_h165" originx="0" originy="0" rotation="90" />
    <pcbpin number="2" name="2" style="c247.5_h165" originx="200" originy="0" rotation="90" />
    <pcbpin number="3" name="3" style="c247.5_h165" originx="400" originy="0" rotation="90" />
    <pcbpin number="4" name="4" style="c247.5_h165" originx="599.99999999999" originy="0" rotation="90" />
    <pcbpin number="5" name="5" style="c247.5_h165" originx="799.99999999999" originy="0" rotation="90" />
    <pcbpin number="6" name="6" style="c247.5_h165" originx="999.99999999999" originy="0" rotation="90" />
    <pcbpin number="7" name="7" style="c247.5_h165" originx="1200" originy="0" rotation="90" />
    <pcbpin number="8" name="8" style="c247.5_h165" originx="1400" originy="0" rotation="90" />
    <pcbpin number="9" name="9" style="c247.5_h165" originx="1600" originy="0" rotation="90" />
    <pcbpin number="10" name="10" style="c247.5_h165" originx="1800" originy="0" rotation="90" />
    <pcbpin number="11" name="11" style="c247.5_h165" originx="2000" originy="0" rotation="90" />
    <pcbpin number="12" name="12" style="c247.5_h165" originx="2200" originy="0" rotation="90" />
    <line layer="TOP_PLACE_BOUND" originx="-153.14960629921" originy="-88.582677165353" endx="2355.1181102362" endy="-88.582677165353" width="1.9685039370079" />
    <line layer="TOP_PLACE_BOUND" originx="2355.1181102362" originy="-88.582677165353" endx="2355.1181102362" endy="409.44881889763" width="1.9685039370079" />
    <line layer="TOP_PLACE_BOUND" originx="2355.1181102362" originy="409.44881889763" endx="-153.14960629921" endy="409.44881889763" width="1.9685039370079" />
    <line layer="TOP_PLACE_BOUND" originx="-153.14960629921" originy="409.44881889763" endx="-153.14960629921" endy="-88.582677165353" width="1.9685039370079" />
    <line layer="TOP_ASSEMBLY" originx="-143.30708661417" originy="-78.740157480314" endx="-143.30708661417" endy="399.60629921259" width="3.9370078740157" />
    <line layer="TOP_ASSEMBLY" originx="-143.30708661417" originy="399.60629921259" endx="2345.2755905512" endy="399.60629921259" width="3.9370078740157" />
    <line layer="TOP_ASSEMBLY" originx="2345.2755905512" originy="399.60629921259" endx="2345.2755905512" endy="-78.740157480314" width="3.9370078740157" />
    <line layer="TOP_ASSEMBLY" originx="2345.2755905512" originy="-78.740157480314" endx="-143.30708661417" endy="-78.740157480314" width="3.9370078740157" />
    <line layer="TOP_SILKSCREEN" originx="-143.30708661417" originy="0" endx="-143.30708661417" endy="399.60629921259" width="7.8740157480314" />
    <line layer="TOP_SILKSCREEN" originx="-143.30708661417" originy="399.60629921259" endx="2345.2755905512" endy="399.60629921259" width="7.8740157480314" />
    <line layer="TOP_SILKSCREEN" originx="2345.2755905512" originy="399.60629921259" endx="2345.2755905512" endy="-78.740157480314" width="7.8740157480314" />
  </footprint>
  <symbol name="1757349" originx="0" originy="0">
    <line originx="200" originy="100" endx="600" endy="100" width="0" />
    <line originx="600" originy="-1200" endx="600" endy="100" width="0" />
    <line originx="600" originy="-1200" endx="200" endy="-1200" width="0" />
    <line originx="200" originy="100" endx="200" endy="-1200" width="0" />
    <sympin number="1" originx="200" originy="0" rotation="180" length="100" width="7.8740157480315" flipped="False">
      <text name="pinname" originx="230" originy="0" style="Default" rotation="0" justify="left" flipped="False" hidden="False" data="1" />
      <text name="pindes" originx="140" originy="20" style="Default" rotation="0" justify="lowerright" flipped="False" hidden="False" data="1" />
    </sympin>
    <sympin number="2" originx="200" originy="-100" rotation="180" length="100" width="7.8740157480315" flipped="False">
      <text name="pinname" originx="230" originy="-100" style="Default" rotation="0" justify="left" flipped="False" hidden="False" data="2" />
      <text name="pindes" originx="140" originy="-80" style="Default" rotation="0" justify="lowerright" flipped="False" hidden="False" data="2" />
    </sympin>
    <sympin number="3" originx="200" originy="-200" rotation="180" length="100" width="7.8740157480315" flipped="False">
      <text name="pinname" originx="230" originy="-200" style="Default" rotation="0" justify="left" flipped="False" hidden="False" data="3" />
      <text name="pindes" originx="140" originy="-180" style="Default" rotation="0" justify="lowerright" flipped="False" hidden="False" data="3" />
    </sympin>
    <sympin number="4" originx="200" originy="-300" rotation="180" length="100" width="7.8740157480315" flipped="False">
      <text name="pinname" originx="230" originy="-300" style="Default" rotation="0" justify="left" flipped="False" hidden="False" data="4" />
      <text name="pindes" originx="140" originy="-280" style="Default" rotation="0" justify="lowerright" flipped="False" hidden="False" data="4" />
    </sympin>
    <sympin number="5" originx="200" originy="-400" rotation="180" length="100" width="7.8740157480315" flipped="False">
      <text name="pinname" originx="230" originy="-400" style="Default" rotation="0" justify="left" flipped="False" hidden="False" data="5" />
      <text name="pindes" originx="140" originy="-380" style="Default" rotation="0" justify="lowerright" flipped="False" hidden="False" data="5" />
    </sympin>
    <sympin number="6" originx="200" originy="-500" rotation="180" length="100" width="7.8740157480315" flipped="False">
      <text name="pinname" originx="230" originy="-500" style="Default" rotation="0" justify="left" flipped="False" hidden="False" data="6" />
      <text name="pindes" originx="140" originy="-480" style="Default" rotation="0" justify="lowerright" flipped="False" hidden="False" data="6" />
    </sympin>
    <sympin number="7" originx="200" originy="-600" rotation="180" length="100" width="7.8740157480315" flipped="False">
      <text name="pinname" originx="230" originy="-600" style="Default" rotation="0" justify="left" flipped="False" hidden="False" data="7" />
      <text name="pindes" originx="140" originy="-580" style="Default" rotation="0" justify="lowerright" flipped="False" hidden="False" data="7" />
    </sympin>
    <sympin number="8" originx="200" originy="-700" rotation="180" length="100" width="7.8740157480315" flipped="False">
      <text name="pinname" originx="230" originy="-700" style="Default" rotation="0" justify="left" flipped="False" hidden="False" data="8" />
      <text name="pindes" originx="140" originy="-680" style="Default" rotation="0" justify="lowerright" flipped="False" hidden="False" data="8" />
    </sympin>
    <sympin number="9" originx="200" originy="-800" rotation="180" length="100" width="7.8740157480315" flipped="False">
      <text name="pinname" originx="230" originy="-800" style="Default" rotation="0" justify="left" flipped="False" hidden="False" data="9" />
      <text name="pindes" originx="140" originy="-780" style="Default" rotation="0" justify="lowerright" flipped="False" hidden="False" data="9" />
    </sympin>
    <sympin number="10" originx="200" originy="-900" rotation="180" length="100" width="7.8740157480315" flipped="False">
      <text name="pinname" originx="230" originy="-900" style="Default" rotation="0" justify="left" flipped="False" hidden="False" data="10" />
      <text name="pindes" originx="140" originy="-880" style="Default" rotation="0" justify="lowerright" flipped="False" hidden="False" data="10" />
    </sympin>
    <sympin number="11" originx="200" originy="-1000" rotation="180" length="100" width="7.8740157480315" flipped="False">
      <text name="pinname" originx="230" originy="-1000" style="Default" rotation="0" justify="left" flipped="False" hidden="False" data="11" />
      <text name="pindes" originx="140" originy="-980" style="Default" rotation="0" justify="lowerright" flipped="False" hidden="False" data="11" />
    </sympin>
    <sympin number="12" originx="200" originy="-1100" rotation="180" length="100" width="7.8740157480315" flipped="False">
      <text name="pinname" originx="230" originy="-1100" style="Default" rotation="0" justify="left" flipped="False" hidden="False" data="12" />
      <text name="pindes" originx="140" originy="-1080" style="Default" rotation="0" justify="lowerright" flipped="False" hidden="False" data="12" />
    </sympin>
  </symbol>
  <component name="1757349" designatorprefix="J" height="344.48818897637" footprint="SHDRRA12W103P0X508_1X12_6296X1200X875P">
    <comppin designator="1" sympin="1" pinswap="0" gateswap="0" gate="1" group="1" side="" type="Any" name="1" />
    <comppin designator="2" sympin="2" pinswap="0" gateswap="0" gate="1" group="1" side="" type="Any" name="2" />
    <comppin designator="3" sympin="3" pinswap="0" gateswap="0" gate="1" group="1" side="" type="Any" name="3" />
    <comppin designator="4" sympin="4" pinswap="0" gateswap="0" gate="1" group="1" side="" type="Any" name="4" />
    <comppin designator="5" sympin="5" pinswap="0" gateswap="0" gate="1" group="1" side="" type="Any" name="5" />
    <comppin designator="6" sympin="6" pinswap="0" gateswap="0" gate="1" group="1" side="" type="Any" name="6" />
    <comppin designator="7" sympin="7" pinswap="0" gateswap="0" gate="1" group="1" side="" type="Any" name="7" />
    <comppin designator="8" sympin="8" pinswap="0" gateswap="0" gate="1" group="1" side="" type="Any" name="8" />
    <comppin designator="9" sympin="9" pinswap="0" gateswap="0" gate="1" group="1" side="" type="Any" name="9" />
    <comppin designator="10" sympin="10" pinswap="0" gateswap="0" gate="1" group="1" side="" type="Any" name="10" />
    <comppin designator="11" sympin="11" pinswap="0" gateswap="0" gate="1" group="1" side="" type="Any" name="11" />
    <comppin designator="12" sympin="12" pinswap="0" gateswap="0" gate="1" group="1" side="" type="Any" name="12" />
    <attached_symbol gate="1" name="1757349" />
    <pinmap designator="1" footprintpin="1" />
    <pinmap designator="2" footprintpin="2" />
    <pinmap designator="3" footprintpin="3" />
    <pinmap designator="4" footprintpin="4" />
    <pinmap designator="5" footprintpin="5" />
    <pinmap designator="6" footprintpin="6" />
    <pinmap designator="7" footprintpin="7" />
    <pinmap designator="8" footprintpin="8" />
    <pinmap designator="9" footprintpin="9" />
    <pinmap designator="10" footprintpin="10" />
    <pinmap designator="11" footprintpin="11" />
    <pinmap designator="12" footprintpin="12" />
    <text name="Datasheet" originx="0" originy="0" style="Default" rotation="0" justify="" flipped="False" hidden="True" data="http://www.phoenixcontact.net/product/1757349" />
    <text name="Description" originx="0" originy="0" style="Default" rotation="0" justify="" flipped="False" hidden="True" data="12 way horizontal closed header,5.08mm Phoenix Contact MSTBA Series, 5.08mm Pitch 12 Way 1 Row Right Angle PCB Header, Solder Termination, 12A" />
    <text name="Manufacturer_Name" originx="0" originy="0" style="Default" rotation="0" justify="" flipped="False" hidden="True" data="Phoenix Contact" />
    <text name="Manufacturer_Part_Number" originx="650" originy="200" style="Default" rotation="0" justify="left" flipped="False" hidden="False" data="1757349" />
    <text name="Mouser Part Number" originx="0" originy="0" style="Default" rotation="0" justify="" flipped="False" hidden="True" data="651-1757349" />
    <text name="Mouser Price/Stock" originx="0" originy="0" style="Default" rotation="0" justify="" flipped="False" hidden="True" data="https://www.mouser.co.uk/ProductDetail/Phoenix-Contact/1757349?qs=o3rrLWFGhRkVtW5tRfjuig%3D%3D" />
    <text name="Arrow Part Number" originx="0" originy="0" style="Default" rotation="0" justify="" flipped="False" hidden="True" data="1757349" />
    <text name="Arrow Price/Stock" originx="0" originy="0" style="Default" rotation="0" justify="" flipped="False" hidden="True" data="https://www.arrow.com/en/products/1757349/phoenix-contact?region=nac" />
  </component>
</quadcept_library>
