<?xml version="1.0" encoding="utf-8"?>
<!--/16586291/1307308/2.50/2/6/Connector/-->
<quadcept_library>
  <setting unit="mil" />
  <textstyle name="Default" height="47.244094488189" strokewidth="7.8740157480315" charwidth="47.244094488189" />
  <textstyle name="Dimension" height="19.6850393700787" strokewidth="0" charwidth="19.6850393700787" />
  <textstyle name="H127W0635TH00762" height="50" strokewidth="3" charwidth="25" />
  <textstyle name="H15W15TH02" height="59.0551181102362" strokewidth="7.8740157480315" charwidth="59.0551181102362" />
  <padstyle name="s255_h170" surface="False" plated="True" isvia="False" nopaste="True" nomask="True" complex="False" holesize="66.929133858267">
    <padshape layer="TOP" shape="square" width="100.3937007874" height="100.3937007874" />
    <padshape layer="TOP_SOLDER_MASK" shape="square" width="108.26771653543" height="108.26771653543" />
    <padshape layer="INNER" shape="square" width="100.3937007874" height="100.3937007874" />
    <padshape layer="BOTTOM" shape="square" width="100.3937007874" height="100.3937007874" />
    <padshape layer="BOTTOM_SOLDER_MASK" shape="square" width="108.26771653543" height="108.26771653543" />
  </padstyle>
  <padstyle name="c255_h170" surface="False" plated="True" isvia="False" nopaste="True" nomask="True" complex="False" holesize="66.929133858267">
    <padshape layer="TOP" shape="round" width="100.3937007874" height="100.3937007874" />
    <padshape layer="TOP_SOLDER_MASK" shape="round" width="108.26771653543" height="108.26771653543" />
    <padshape layer="INNER" shape="round" width="100.3937007874" height="100.3937007874" />
    <padshape layer="BOTTOM" shape="round" width="100.3937007874" height="100.3937007874" />
    <padshape layer="BOTTOM_SOLDER_MASK" shape="round" width="108.26771653543" height="108.26771653543" />
  </padstyle>
  <footprint name="231162001000" originx="0" originy="0" pickpointx="0" pickpointy="0">
    <pcbpin number="1" name="1" style="s255_h170" originx="0" originy="0" rotation="90" />
    <pcbpin number="2" name="2" style="c255_h170" originx="196.85039370078" originy="0" rotation="90" />
    <line layer="TOP_ASSEMBLY" originx="-161.41732283464" originy="181.10236220472" endx="358.26771653543" endy="181.10236220472" width="3.9370078740157" />
    <line layer="TOP_ASSEMBLY" originx="358.26771653543" originy="181.10236220472" endx="358.26771653543" endy="-149.6062992126" width="3.9370078740157" />
    <line layer="TOP_ASSEMBLY" originx="358.26771653543" originy="-149.6062992126" endx="-161.41732283464" endy="-149.6062992126" width="3.9370078740157" />
    <line layer="TOP_ASSEMBLY" originx="-161.41732283464" originy="-149.6062992126" endx="-161.41732283464" endy="181.10236220472" width="3.9370078740157" />
    <line layer="TOP_SILKSCREEN" originx="-161.41732283464" originy="181.10236220472" endx="358.26771653543" endy="181.10236220472" width="7.8740157480314" />
    <line layer="TOP_SILKSCREEN" originx="358.26771653543" originy="181.10236220472" endx="358.26771653543" endy="-149.6062992126" width="7.8740157480314" />
    <line layer="TOP_SILKSCREEN" originx="358.26771653543" originy="-149.6062992126" endx="-161.41732283464" endy="-149.6062992126" width="7.8740157480314" />
    <line layer="TOP_SILKSCREEN" originx="-161.41732283464" originy="-149.6062992126" endx="-161.41732283464" endy="181.10236220472" width="7.8740157480314" />
    <line layer="TOP_PLACE_BOUND" originx="-200.7874015748" originy="220.47244094488" endx="397.63779527559" endy="220.47244094488" width="3.9370078740157" />
    <line layer="TOP_PLACE_BOUND" originx="397.63779527559" originy="220.47244094488" endx="397.63779527559" endy="-188.97637795275" width="3.9370078740157" />
    <line layer="TOP_PLACE_BOUND" originx="397.63779527559" originy="-188.97637795275" endx="-200.7874015748" endy="-188.97637795275" width="3.9370078740157" />
    <line layer="TOP_PLACE_BOUND" originx="-200.7874015748" originy="-188.97637795275" endx="-200.7874015748" endy="220.47244094488" width="3.9370078740157" />
    <line layer="TOP_SILKSCREEN" originx="0" originy="200.7874015748" endx="0" endy="200.7874015748" width="3.9370078740157" />
    <arc layer="TOP_SILKSCREEN" originx="-7.102804783527E-15" originy="198.81889763779" startangle="90.0" sweepangle="180.0" radius="1.9685039370078" width="3.9370078740157" />
    <line layer="TOP_SILKSCREEN" originx="0" originy="196.85039370078" endx="0" endy="196.85039370078" width="3.9370078740157" />
    <arc layer="TOP_SILKSCREEN" originx="-7.102804783527E-15" originy="198.81889763779" startangle="-90.0" sweepangle="180.0" radius="1.9685039370078" width="3.9370078740157" />
  </footprint>
  <symbol name="231-162_001-000" originx="0" originy="0">
    <line originx="200" originy="100" endx="600" endy="100" width="0" />
    <line originx="600" originy="-100" endx="600" endy="100" width="0" />
    <line originx="600" originy="-100" endx="200" endy="-100" width="0" />
    <line originx="200" originy="100" endx="200" endy="-100" width="0" />
    <sympin number="1" originx="200" originy="0" rotation="180" length="100" width="7.8740157480315" flipped="False">
      <text name="pinname" originx="230" originy="0" style="Default" rotation="0" justify="left" flipped="False" hidden="False" data="1" />
      <text name="pindes" originx="140" originy="20" style="Default" rotation="0" justify="lowerright" flipped="False" hidden="False" data="1" />
    </sympin>
    <sympin number="2" originx="600" originy="0" rotation="0" length="100" width="7.8740157480315" flipped="False">
      <text name="pinname" originx="570" originy="0" style="Default" rotation="0" justify="right" flipped="False" hidden="False" data="2" />
      <text name="pindes" originx="660" originy="20" style="Default" rotation="0" justify="lowerleft" flipped="False" hidden="False" data="2" />
    </sympin>
  </symbol>
  <component name="231-162_001-000" designatorprefix="J" height="472.44094488188" footprint="231162001000">
    <comppin designator="1" sympin="1" pinswap="0" gateswap="0" gate="1" group="1" side="" type="Any" name="1" />
    <comppin designator="2" sympin="2" pinswap="0" gateswap="0" gate="1" group="1" side="" type="Any" name="2" />
    <attached_symbol gate="1" name="231-162_001-000" />
    <pinmap designator="1" footprintpin="1" />
    <pinmap designator="2" footprintpin="2" />
    <text name="Datasheet" originx="0" originy="0" style="Default" rotation="0" justify="" flipped="False" hidden="True" data="https://www.wago.com/231-162/001-000" />
    <text name="Description" originx="0" originy="0" style="Default" rotation="0" justify="" flipped="False" hidden="True" data="THT male header; 1.2 x 1.2 mm solder pin; straight; Pin spacing 5 mm; 2-pole" />
    <text name="Manufacturer_Name" originx="0" originy="0" style="Default" rotation="0" justify="" flipped="False" hidden="True" data="Wago" />
    <text name="Manufacturer_Part_Number" originx="650" originy="200" style="Default" rotation="0" justify="left" flipped="False" hidden="False" data="231-162/001-000" />
    <text name="Mouser Part Number" originx="0" originy="0" style="Default" rotation="0" justify="" flipped="False" hidden="True" data="" />
    <text name="Mouser Price/Stock" originx="0" originy="0" style="Default" rotation="0" justify="" flipped="False" hidden="True" data="" />
    <text name="Arrow Part Number" originx="0" originy="0" style="Default" rotation="0" justify="" flipped="False" hidden="True" data="231-162/001-000" />
    <text name="Arrow Price/Stock" originx="0" originy="0" style="Default" rotation="0" justify="" flipped="False" hidden="True" data="https://www.arrow.com/en/products/231-162001-000/wago-kontakttechnik-gmbh?region=nac" />
  </component>
</quadcept_library>
